<?xml version="1.0" encoding="UTF-8"?>
<objects>
	<object name="spawn_point" x="60" y="201"/>
	<object name="spawn_point" previous="maps/pf/pf2" x="2008" y="105" direction="left"/>
	<object name="level_transition" path="maps/pf/pf2" top="0" bottom="144" left="2046" right="2048"/>
	<object name="map_transition" selection="1" top="0" bottom="240" left="0" right="2"/>
	<object name="sound" begin="sound/pf_begin.ogg" loop="sound/pf_loop.ogg"/>

	<object name="breakable_block" x="1120" y="256"/>
	<object name="breakable_block" x="1120" y="272"/>
	<object name="breakable_block" x="1120" y="288"/>
	<object name="breakable_block" x="1232" y="336"/>
	<object name="breakable_block" x="1248" y="336"/>
	<object name="breakable_block" x="1296" y="336"/>
	<object name="breakable_block" x="1312" y="336"/>
	<object name="breakable_block" x="1264" y="384" drops_ring="true"/>
	<object name="breakable_block" x="1280" y="384" drops_ring="true"/>
	
	<object name="walker" x="544" y="272" range="40" direction="left"/>
	<object name="walker" x="1072" y="272" range="90" direction="left"/>
	<object name="walker" x="1216" y="128" range="60" direction="left"/>
	<object name="walker" x="1216" y="32" range="60" direction="left"/>
	<object name="walker" x="1708" y="144" direction="right"/>
	<object name="walker" x="1804" y="256" direction="left"/>
	<object name="walker" x="1848" y="368" range="48" direction="left"/>
	<object name="walker" x="1892" y="160" direction="right"/>
	
	<object name="hover_pod" x="368" y="160" range="272" direction="left"/>
	<object name="hover_pod" x="752" y="144" range="208" direction="left"/>
	<object name="hover_pod" x="1520" y="48" range="208" direction="left"/>
	<object name="hover_pod" x="1712" y="8" range="128" direction="left"/>
	
	<object name="pushable_rock" x="1272" y="320"/>
	<object name="pushable_spring" x="1768" y="384"/>

	<object name="wind" top="16" left="1696" bottom="352" right="1824" xsp="0" ysp="-1"/>

    <object name="item_box" x="800" y="384" number="23" item_name=" spark  &#10;        "/>
</objects>
