<?xml version="1.0" encoding="UTF-8"?>
<objects>
	<object name="spawn_point" previous="maps/pf/pf1" x="-7" y="217"/>
	<object name="spawn_point" previous="maps/pf/pf3" x="1946" y="185" direction="left"/>
	<object name="level_transition" path="maps/pf/pf1" top="0" bottom="256" left="0" right="2"/>
	<object name="level_transition" path="maps/pf/pf3" top="160" bottom="224" left="1982" right="1984"/>
	<object name="sound" begin="sound/pf_begin.ogg" loop="sound/pf_loop.ogg"/>

	<object name="breakable_block" x="1792" y="48"/>
	<object name="breakable_block" x="1808" y="48"/>
	<object name="breakable_block" x="1824" y="48"/>
	<object name="breakable_block" x="1792" y="64"/>
	<object name="breakable_block" x="1808" y="64"/>
	<object name="breakable_block" x="1824" y="64"/>
	<object name="breakable_block" x="1872" y="80"/>
	<object name="breakable_block" x="1888" y="80"/>
	<object name="breakable_block" x="1872" y="96"/>
	<object name="breakable_block" x="1888" y="96"/>
	
	<object name="walker" x="176" y="176" direction="left"/>
	<object name="walker" x="576" y="144" range="112" direction="left"/>
	<object name="walker" x="580" y="320" range="32" direction="right"/>
	<object name="walker" x="912" y="144" range="96" direction="left"/>
	<object name="walker" x="1300" y="96" direction="left"/>
	<object name="walker" x="1372" y="16" range="40" direction="left"/>
	<object name="walker" x="1552" y="128" range="12" direction="left"/>
	<object name="walker" x="1604" y="368" range="64" direction="left"/>
	<object name="walker" x="1844" y="272" direction="left"/>
	
	<object name="hover_pod" x="384" y="112" range="64" direction="left"/>
	<object name="hover_pod" x="736" y="112" range="80" direction="left"/>
	<object name="hover_pod" x="800" y="320" range="160" direction="left"/>
	<object name="hover_pod" x="1136" y="112" range="144" direction="left"/>
	<object name="hover_pod" x="1680" y="16" range="128" direction="left"/>
	<object name="hover_pod" x="1408" y="208" range="48" direction="left"/>
	<object name="hover_pod" x="1424" y="240" range="64" direction="left"/>
	
	<object name="bridge" path="maps/pf/bridge.png" particle_path="maps/pf/bridge_part.png" leftx="336" rightx="447" y="176"/>

	<object name="wind" top="0" left="672" bottom="208" right="816" xsp="-1" ysp="0"/>

    <object name="item_box" x="248" y="272" number="7" item_name=" speed  &#10; boots  "/>
    <object name="item_box" x="1144" y="208" number="18" item_name=" radio  &#10;        "/>
    <object name="item_box" x="1880" y="64" number="31" item_name="  chaos  &#10; emerald "/>
</objects>
