<?xml version="1.0" encoding="UTF-8"?>
<objects>
	<object name="spawn_point" x="-4" y="73"/>
	<object name="spawn_point" previous="maps/vt/vt2" x="1924" y="57" direction="left"/>
	<object name="sound" loop="sound/vt.ogg"/>
	<object name="map_transition" selection="2" top="16" bottom="117" left="0" right="2"/>
	<object name="level_transition" path="maps/vt/vt2" top="32" bottom="96" left="1966" right="1968"/>
	
	<object name="breakable_block" x="240" y="48" path="maps/vt/block1.png" particle_path="maps/vt/rock.png"/>
	<object name="breakable_block" x="240" y="64" path="maps/vt/block1.png" particle_path="maps/vt/rock.png"/>
	<object name="breakable_block" x="256" y="48" path="maps/vt/block2.png" particle_path="maps/vt/rock.png"/>
	<object name="breakable_block" x="256" y="64" path="maps/vt/block2.png" particle_path="maps/vt/rock.png"/>
	
	<object name="breakable_block" x="384" y="80" path="maps/vt/block1.png" particle_path="maps/vt/rock.png"/>
	<object name="breakable_block" x="400" y="80" path="maps/vt/block2.png" particle_path="maps/vt/rock.png"/>
	<object name="breakable_block" x="416" y="80" path="maps/vt/block1.png" particle_path="maps/vt/rock.png"/>
	<object name="breakable_block" x="432" y="80" path="maps/vt/block2.png" particle_path="maps/vt/rock.png"/>
	
	<object name="breakable_block" x="448" y="96" path="maps/vt/block3.png" particle_path="maps/vt/rock.png" drops_ring="true"/>
	<object name="breakable_block" x="448" y="112" path="maps/vt/block3.png" particle_path="maps/vt/rock.png" drops_ring="true"/>
	<object name="breakable_block" x="448" y="128" path="maps/vt/block3.png" particle_path="maps/vt/rock.png" drops_ring="true"/>
	
	<object name="breakable_block" x="352" y="96" path="maps/vt/block1.png" particle_path="maps/vt/rock.png"/>
	<object name="breakable_block" x="352" y="112" path="maps/vt/block1.png" particle_path="maps/vt/rock.png"/>
	<object name="breakable_block" x="352" y="128" path="maps/vt/block1.png" particle_path="maps/vt/rock.png"/>
	<object name="breakable_block" x="368" y="96" path="maps/vt/block2.png" particle_path="maps/vt/rock.png"/>
	<object name="breakable_block" x="368" y="112" path="maps/vt/block2.png" particle_path="maps/vt/rock.png"/>
	<object name="breakable_block" x="368" y="128" path="maps/vt/block2.png" particle_path="maps/vt/rock.png"/>
	
	<object name="breakable_block" x="256" y="144" path="maps/vt/block3.png" particle_path="maps/vt/rock.png" drops_ring="true"/>
	<object name="breakable_block" x="256" y="160" path="maps/vt/block3.png" particle_path="maps/vt/rock.png" drops_ring="true"/>
	<object name="breakable_block" x="256" y="224" path="maps/vt/block3.png" particle_path="maps/vt/rock.png" drops_ring="true"/>
	<object name="breakable_block" x="256" y="240" path="maps/vt/block3.png" particle_path="maps/vt/rock.png" drops_ring="true"/>
	
	<object name="breakable_block" x="304" y="224" path="maps/vt/block1.png" particle_path="maps/vt/rock.png"/>
	<object name="breakable_block" x="304" y="240" path="maps/vt/block1.png" particle_path="maps/vt/rock.png"/>
	<object name="breakable_block" x="320" y="224" path="maps/vt/block2.png" particle_path="maps/vt/rock.png"/>
	<object name="breakable_block" x="320" y="240" path="maps/vt/block2.png" particle_path="maps/vt/rock.png"/>
	
	<object name="breakable_block" x="560" y="208" path="maps/vt/block1.png" particle_path="maps/vt/rock.png"/>
	<object name="breakable_block" x="560" y="224" path="maps/vt/block1.png" particle_path="maps/vt/rock.png"/>
	<object name="breakable_block" x="560" y="240" path="maps/vt/block1.png" particle_path="maps/vt/rock.png"/>
	<object name="breakable_block" x="576" y="208" path="maps/vt/block2.png" particle_path="maps/vt/rock.png"/>
	<object name="breakable_block" x="576" y="224" path="maps/vt/block2.png" particle_path="maps/vt/rock.png"/>
	<object name="breakable_block" x="576" y="240" path="maps/vt/block2.png" particle_path="maps/vt/rock.png"/>
	<object name="breakable_block" x="592" y="208" path="maps/vt/block1.png" particle_path="maps/vt/rock.png"/>
	<object name="breakable_block" x="592" y="224" path="maps/vt/block1.png" particle_path="maps/vt/rock.png"/>
	<object name="breakable_block" x="592" y="240" path="maps/vt/block1.png" particle_path="maps/vt/rock.png"/>
	<object name="breakable_block" x="608" y="208" path="maps/vt/block1.png" particle_path="maps/vt/rock.png"/>
	<object name="breakable_block" x="608" y="224" path="maps/vt/block1.png" particle_path="maps/vt/rock.png"/>
	<object name="breakable_block" x="608" y="240" path="maps/vt/block1.png" particle_path="maps/vt/rock.png"/>
	
	<object name="breakable_block" x="1168" y="64" path="maps/vt/block3.png" particle_path="maps/vt/rock.png" drops_ring="true"/>
	<object name="breakable_block" x="1168" y="80" path="maps/vt/block3.png" particle_path="maps/vt/rock.png" drops_ring="true"/>
	<object name="breakable_block" x="1168" y="96" path="maps/vt/block3.png" particle_path="maps/vt/rock.png" drops_ring="true"/>
	
	<object name="breakable_block" x="1712" y="96" path="maps/vt/block4.png" particle_path="maps/vt/rock.png"/>
	<object name="breakable_block" x="1728" y="96" path="maps/vt/block4.png" particle_path="maps/vt/rock.png"/>
	
	<object name="bat_robot" x="716" y="224"/>
	<object name="bat_robot" x="796" y="272"/>
	<object name="bat_robot" x="604" y="48"/>
	<object name="bat_robot" x="684" y="48"/>
	<object name="bat_robot" x="764" y="48"/>
	<object name="bat_robot" x="1468" y="160"/>
	<object name="bat_robot" x="1500" y="192"/>
	<object name="bat_robot" x="1580" y="176"/>

	<object name="nezu" x="400" y="64"/>
	<object name="nezu" x="336" y="240"/>
	<object name="nezu" x="1376" y="80"/>
	<object name="nezu" x="1712" y="224"/>
	<object name="nezu" x="1808" y="192"/>
	<object name="nezu" x="1728" y="80"/>
	<object name="nezu" x="1824" y="80"/>

	<object name="flame" x="460" y="288"/>
	<object name="flame" x="908" y="320" speed="2.75"/>
	<object name="flame" x="972" y="320" speed="2.75"/>
	<object name="flame" x="1036" y="320" speed="2.75"/>
	<object name="flame" x="1324" y="112"/>
	<object name="flame" x="1516" y="272"/>

	<object name="fire" x="1240" y="152" direction="left"/>

    <object name="item_box" x="968" y="112" number="3" item_name=" teleport &#10;  device  "/>
    <object name="item_box" x="1864" y="288" number="2" item_name=" remote &#10;  bomb  "/>
</objects>
