<?xml version="1.0" encoding="UTF-8"?>
<objects>
	<object name="spawn_point" x="-5" y="73"/>
	<object name="sound" loop="sound/vt.ogg"/>
	<object name="level_transition" path="maps/vt/vt1" top="48" bottom="112" left="0" right="2"/>
	<object name="map_transition" selection="3" top="48" bottom="112" left="1966" right="1968"/>
	
	<object name="breakable_block" x="544" y="32" path="maps/vt/block3.png" particle_path="maps/vt/rock.png" drops_ring="true"/>
	<object name="breakable_block" x="720" y="192" path="maps/vt/block3.png" particle_path="maps/vt/rock.png" drops_ring="true"/>
	<object name="breakable_block" x="720" y="208" path="maps/vt/block3.png" particle_path="maps/vt/rock.png" drops_ring="true"/>
	
	<object name="breakable_block" x="1008" y="16" path="maps/vt/block1.png" particle_path="maps/vt/rock.png"/>
	<object name="breakable_block" x="1008" y="32" path="maps/vt/block1.png" particle_path="maps/vt/rock.png"/>
	<object name="breakable_block" x="1008" y="48" path="maps/vt/block1.png" particle_path="maps/vt/rock.png"/>
	<object name="breakable_block" x="1024" y="16" path="maps/vt/block2.png" particle_path="maps/vt/rock.png"/>
	<object name="breakable_block" x="1024" y="32" path="maps/vt/block2.png" particle_path="maps/vt/rock.png"/>
	<object name="breakable_block" x="1024" y="48" path="maps/vt/block2.png" particle_path="maps/vt/rock.png"/>
	
	<object name="breakable_block" x="1120" y="208" path="maps/vt/block3.png" particle_path="maps/vt/rock.png" drops_ring="true"/>
	<object name="breakable_block" x="1120" y="224" path="maps/vt/block3.png" particle_path="maps/vt/rock.png" drops_ring="true"/>
	
	<object name="breakable_block" x="1280" y="208" path="maps/vt/block1.png" particle_path="maps/vt/rock.png"/>
	<object name="breakable_block" x="1280" y="224" path="maps/vt/block1.png" particle_path="maps/vt/rock.png"/>
	<object name="breakable_block" x="1296" y="208" path="maps/vt/block2.png" particle_path="maps/vt/rock.png"/>
	<object name="breakable_block" x="1296" y="224" path="maps/vt/block2.png" particle_path="maps/vt/rock.png"/>
	
	<object name="breakable_block" x="1232" y="240" path="maps/vt/block1.png" particle_path="maps/vt/rock.png"/>
	<object name="breakable_block" x="1232" y="256" path="maps/vt/block1.png" particle_path="maps/vt/rock.png"/>
	<object name="breakable_block" x="1248" y="240" path="maps/vt/block2.png" particle_path="maps/vt/rock.png"/>
	<object name="breakable_block" x="1248" y="256" path="maps/vt/block2.png" particle_path="maps/vt/rock.png"/>
	
	<object name="breakable_block" x="1264" y="240" path="maps/vt/block1.png" particle_path="maps/vt/rock.png"/>
	<object name="breakable_block" x="1264" y="256" path="maps/vt/block1.png" particle_path="maps/vt/rock.png"/>
	<object name="breakable_block" x="1264" y="272" path="maps/vt/block1.png" particle_path="maps/vt/rock.png"/>
	<object name="breakable_block" x="1280" y="240" path="maps/vt/block2.png" particle_path="maps/vt/rock.png"/>
	<object name="breakable_block" x="1280" y="256" path="maps/vt/block2.png" particle_path="maps/vt/rock.png"/>
	<object name="breakable_block" x="1280" y="272" path="maps/vt/block2.png" particle_path="maps/vt/rock.png"/>
	
	<object name="breakable_block" x="1296" y="240" path="maps/vt/block1.png" particle_path="maps/vt/rock.png"/>
	<object name="breakable_block" x="1296" y="256" path="maps/vt/block1.png" particle_path="maps/vt/rock.png"/>
	<object name="breakable_block" x="1296" y="272" path="maps/vt/block1.png" particle_path="maps/vt/rock.png"/>
	<object name="breakable_block" x="1296" y="288" path="maps/vt/block1.png" particle_path="maps/vt/rock.png"/>
	<object name="breakable_block" x="1312" y="240" path="maps/vt/block2.png" particle_path="maps/vt/rock.png"/>
	<object name="breakable_block" x="1312" y="256" path="maps/vt/block2.png" particle_path="maps/vt/rock.png"/>
	<object name="breakable_block" x="1312" y="272" path="maps/vt/block2.png" particle_path="maps/vt/rock.png"/>
	<object name="breakable_block" x="1312" y="288" path="maps/vt/block2.png" particle_path="maps/vt/rock.png"/>
	
	<object name="breakable_block" x="880" y="64" path="maps/vt/block1.png" particle_path="maps/vt/rock.png"/>
	<object name="breakable_block" x="896" y="64" path="maps/vt/block2.png" particle_path="maps/vt/rock.png"/>
	
	<object name="breakable_block" x="1776" y="208" path="maps/vt/block1.png" particle_path="maps/vt/rock.png"/>
	<object name="breakable_block" x="1776" y="224" path="maps/vt/block1.png" particle_path="maps/vt/rock.png"/>
	<object name="breakable_block" x="1792" y="208" path="maps/vt/block2.png" particle_path="maps/vt/rock.png"/>
	<object name="breakable_block" x="1792" y="224" path="maps/vt/block2.png" particle_path="maps/vt/rock.png"/>
	
	<object name="breakable_block" x="1616" y="144" path="maps/vt/block1.png" particle_path="maps/vt/rock.png"/>
	<object name="breakable_block" x="1616" y="160" path="maps/vt/block1.png" particle_path="maps/vt/rock.png"/>
	<object name="breakable_block" x="1632" y="144" path="maps/vt/block2.png" particle_path="maps/vt/rock.png"/>
	<object name="breakable_block" x="1632" y="160" path="maps/vt/block2.png" particle_path="maps/vt/rock.png"/>
	
	<object name="breakable_block" x="1392" y="48" path="maps/vt/block3.png" particle_path="maps/vt/rock.png" drops_ring="true"/>
	<object name="breakable_block" x="1392" y="64" path="maps/vt/block3.png" particle_path="maps/vt/rock.png" drops_ring="true"/>
	
	<object name="breakable_block" x="1696" y="112" path="maps/vt/block4.png" particle_path="maps/vt/rock.png"/>
	<object name="breakable_block" x="1712" y="112" path="maps/vt/block4.png" particle_path="maps/vt/rock.png"/>
	
	<object name="bridge" path="maps/vt/bridge.png" particle_path="maps/vt/rock.png" leftx="1616" rightx="1839" y="320"/>
	<object name="bridge" path="maps/vt/bridge.png" particle_path="maps/vt/rock.png" leftx="1568" rightx="1615" y="112"/>
	
	<object name="fire" x="168" y="88" direction="left"/>
	<object name="fire" x="232" y="120" direction="left"/>
	<object name="fire" x="280" y="152" direction="left"/>
	<object name="fire" x="792" y="136" direction="left"/>
	<object name="fire" x="904" y="168" direction="left"/>
	<object name="fire" x="336" y="216" direction="right"/>
	<object name="fire" x="736" y="104" direction="right"/>
	<object name="fire" x="736" y="168" direction="right"/>
	<object name="fire" x="960" y="184" direction="right"/>
	
	<object name="bat_robot" x="460" y="256"/>
	<object name="bat_robot" x="508" y="256"/>
	<object name="bat_robot" x="652" y="112"/>
	<object name="bat_robot" x="748" y="16"/>
	<object name="bat_robot" x="940" y="16"/>
	<object name="bat_robot" x="1228" y="112"/>
	<object name="bat_robot" x="1676" y="144"/>
	<object name="bat_robot" x="1724" y="144"/>
	<object name="bat_robot" x="1452" y="32"/>
	<object name="bat_robot" x="1452" y="128"/>
	
	<object name="nezu" x="920" y="224"/>
	<object name="nezu" x="1072" y="48"/>
	<object name="nezu" x="1088" y="112"/>
	<object name="nezu" x="1152" y="224"/>
	<object name="nezu" x="1552" y="304"/>
	<object name="nezu" x="1664" y="96"/>

	<object name="flame" x="508" y="368"/>
	<object name="flame" x="828" y="272"/>
	<object name="flame" x="1260" y="320"/>
	<object name="flame" x="1436" y="320"/>

    <object name="drill_mole" x="692" y="54"/>
    <object name="drill_mole" x="1524" y="38"/>

	<object name="item_box" x="1880" y="272" number="29" item_name="  chaos  &#10; emerald "/>
</objects>
