<?xml version="1.0" encoding="UTF-8"?>
<animations>
	<animation name="idle">
		0
	</animation>
	<animation name="walk" delay="6">
		3,4,5,6,1,2
	</animation>
	<animation name="jump_up">
		7
	</animation>
	<animation name="jump_down">
		8
	</animation>
	<animation name="push" delay="12">
		9,10,11,12
	</animation>
	<animation name="climb" delay="6" repeatTimes="1">
		26,27,28,29
	</animation>
	<animation name="climb_high" delay="6" repeatTimes="1">
		30,31,28,29
	</animation>
	<animation name="throw" delay="6" repeatTimes="1">
		19,20,21,22
	</animation>
	<animation name="helitail" delay="6">
		13,14,15
	</animation>
	<animation name="helitail_tired" delay="6">
		16,17,18
	</animation>
	<animation name="hurt">
		32
	</animation>
	<animation name="death" delay="12" repeatTimes="1">
		33,34,35
	</animation>
	<animation name="look_up">
		23
	</animation>
	<animation name="crouch">
		24
	</animation>
	<animation name="throw_crouch" delay="8" repeatTimes="1">
		39,40
	</animation>
	<animation name="remote_robot_idle">
		41
	</animation>
	<animation name="remote_robot_walk" delay="6">
		42,43,44,45
	</animation>
	<animation name="remote_robot_fly_init" delay="6" repeatTimes="1">
		46,47,48,49,50,51,52,53,54
	</animation>
	<animation name="remote_robot_fly_loop" delay="6">
		55,56
	</animation>
	<animation name="control_remote_robot" delay="6">
		57,58,59,58
	</animation>
	<animation name="fall" delay="6">
		60,61,62,63,64,65
	</animation>
	<animation name="throw_helitail" delay="6" repeatTimes="1">
		66,67,68
	</animation>
	<animation name="throw_air" delay="6" repeatTimes="1">
		69,70,71,72
	</animation>
	<animation name="unpack">
		73
	</animation>
	<animation name="raise" delay="8" repeatTimes="1">
		78,74,75,76,77
	</animation>
	<animation name="release" delay="8" repeatTimes="1">
		77,76,75,74
	</animation>
	<animation name="remote_robot_raise" delay="32" repeatTimes="1">
		41
	</animation>
	<animation name="teleport" delay="6">
		79,80,81,82,83,84,85
	</animation>
</animations>
