<?xml version="1.0" encoding="UTF-8"?>
<objects>
	<object name="spawn_point" x="-6" y="1913"/>
	<object name="spawn_point" previous="maps/pm/pm2" x="405" y="25" direction="left"/>
	<object name="spawn_point" previous="maps/pm/pm3" x="405" y="1097" direction="left"/>
	<object name="sound" begin="sound/pm_begin.ogg" loop="sound/pm_loop.ogg"/>
	<object name="map_transition" selection="3" top="1888" bottom="1952" left="0" right="2"/>
	<object name="level_transition" path="maps/pm/pm2" top="0" bottom="64" left="446" right="448"/>
	<object name="level_transition" path="maps/pm/pm3" top="1088" bottom="1136" left="446" right="448"/>

	<object name="breakable_block" x="48" y="1600" path="maps/pm/block.png" drops_ring="true"/>
	<object name="breakable_block" x="48" y="1616" path="maps/pm/block.png" drops_ring="true"/>
	<object name="breakable_block" x="48" y="1632" path="maps/pm/block.png" drops_ring="true"/>
	
	<object name="breakable_block" x="224" y="1136" path="maps/pm/block.png"/>
	<object name="breakable_block" x="240" y="1136" path="maps/pm/block.png"/>
	
	<object name="breakable_block" x="64" y="416" path="maps/pm/block.png"/>
	<object name="breakable_block" x="80" y="416" path="maps/pm/block.png"/>
	<object name="breakable_block" x="64" y="432" path="maps/pm/block.png"/>
	<object name="breakable_block" x="80" y="432" path="maps/pm/block.png"/>
	
	<object name="breakable_block" x="176" y="432" path="maps/pm/block.png"/>
	<object name="breakable_block" x="192" y="432" path="maps/pm/block.png"/>
	<object name="breakable_block" x="176" y="448" path="maps/pm/block.png"/>
	<object name="breakable_block" x="192" y="448" path="maps/pm/block.png"/>
	
	<object name="moving_platform" start_x="400" start_y="1936" end_x="400" end_y="1696"/>
	<object name="moving_platform" start_x="336" start_y="1488" end_x="336" end_y="1392"/>
	<object name="moving_platform" start_x="288" start_y="288" end_x="160" end_y="288"/>
	<object name="moving_platform" start_x="192" start_y="160" end_x="224" end_y="160" idle="false"/>
	
	<object name="bomb_thrower" x="272" y="1893" left_x="96" right_x="336"/>
	<object name="bomb_thrower" x="368" y="1893" left_x="128" right_x="368"/>

	<object name="rock_thrower" x="248" y="1539" direction="left"/>
	<object name="rock_thrower" x="288" y="1059" direction="left"/>
	<object name="rock_thrower" x="352" y="931" direction="left"/>
	<object name="rock_thrower" x="144" y="435" direction="left"/>
	<object name="rock_thrower" x="272" y="451" direction="right"/>
	<object name="rock_thrower" x="368" y="307" direction="left"/>
	<object name="rock_thrower" x="64" y="227" direction="right"/>

	<object name="jumper" x="256" y="1713"/>
	<object name="jumper" x="176" y="1713"/>
	<object name="jumper" x="224" y="817"/>
	<object name="jumper" x="176" y="785"/>
	<object name="jumper" x="128" y="753"/>

	<object name="strong_wind" top="1360" left="96" bottom="1424" right="128"/>
	<object name="wind" top="528" left="48" bottom="688" right="192" xsp="0" ysp="-1"/>
	<object name="wind" top="32" left="272" bottom="192" right="368" xsp="0" ysp="-1"/>

	<object name="item_box" x="408" y="1408" number="25" item_name=" rocket  &#10; booster "/>
	<object name="item_box" x="376" y="896" number="16" item_name=" helmet &#10;        "/>
</objects>
