<?xml version="1.0" encoding="UTF-8"?>
<objects>
	<object name="spawn_point" x="-4" y="41"/>
	<object name="sound" begin="sound/pm_begin.ogg" loop="sound/pm_loop.ogg"/>
	<object name="level_transition" path="maps/pm/pm1" top="0" bottom="80" left="0" right="2"/>
	<object name="map_transition" selection="3" top="478" bottom="480" left="0" right="704"/>

	<object name="breakable_block" x="208" y="208" path="maps/pm/block.png"/>
	<object name="breakable_block" x="224" y="208" path="maps/pm/block.png"/>
	<object name="breakable_block" x="240" y="208" path="maps/pm/block.png"/>
	<object name="breakable_block" x="256" y="208" path="maps/pm/block.png"/>
	<object name="breakable_block" x="208" y="224" path="maps/pm/block.png"/>
	<object name="breakable_block" x="224" y="224" path="maps/pm/block.png"/>
	<object name="breakable_block" x="208" y="240" path="maps/pm/block.png"/>

	<object name="breakable_block" x="480" y="48" path="maps/pm/block.png"/>
	<object name="breakable_block" x="480" y="64" path="maps/pm/block.png"/>

	<object name="breakable_block" x="624" y="48" path="maps/pm/block.png"/>
	<object name="breakable_block" x="640" y="48" path="maps/pm/block.png"/>
	<object name="breakable_block" x="656" y="48" path="maps/pm/block.png"/>
	<object name="breakable_block" x="624" y="64" path="maps/pm/block.png"/>
	<object name="breakable_block" x="640" y="64" path="maps/pm/block.png"/>
	<object name="breakable_block" x="656" y="64" path="maps/pm/block.png"/>

	<object name="bridge" path="maps/pm/bridge.png" particle_path="maps/pm/bridge_part.png" leftx="320" rightx="399" y="320"/>
	<object name="bridge" path="maps/pm/bridge.png" particle_path="maps/pm/bridge_part.png" leftx="432" rightx="463" y="352"/>
	<object name="bridge" path="maps/pm/bridge.png" particle_path="maps/pm/bridge_part.png" leftx="496" rightx="527" y="320"/>

	<object name="jumper" x="32" y="209"/>
	<object name="jumper" x="80" y="209"/>

	<object name="rock_thrower" x="384" y="51" direction="left"/>
	<object name="rock_thrower" x="512" y="147" direction="right"/>
	<object name="rock_thrower" x="592" y="99" direction="left"/>
	<object name="rock_thrower" x="512" y="51" direction="right"/>

	<object name="wind" left="64" top="32" right="160" bottom="112" xsp="-1" ysp="0"/>
	<object name="wind" left="160" top="32" right="400" bottom="208" xsp="-1" ysp="0"/>
	<object name="wind" left="16" top="288" right="112" bottom="384" xsp="0" ysp="-1"/>
	<object name="wind" left="272" top="256" right="528" bottom="320" xsp="-0.8" ysp="0.8"/>
	<object name="wind" left="288" top="336" right="400" bottom="432" xsp="-1" ysp="1"/>
	<object name="strong_wind" left="592" top="432" right="624" bottom="480"/>

	<object name="item_box" x="440" y="64" number="19" item_name=" insta  &#10; shield "/>
</objects>
