<?xml version="1.0" encoding="UTF-8"?>
<objects>
	<object name="spawn_point" x="68" y="360"/>
	<object name="spawn_point" previous="maps/pm/pm4" x="1941" y="9" direction="left"/>
	<object name="sound" begin="sound/pm_begin.ogg" loop="sound/pm_loop.ogg"/>
	<object name="level_transition" path="maps/pm/pm1" top="368" bottom="400" left="80" right="82"/>
	<object name="level_transition" path="maps/pm/pm4" top="0" bottom="48" left="1982" right="1984"/>
	<object name="map_transition" selection="3" top="462" bottom="464" left="0" right="1984"/>

	<object name="breakable_block" x="176" y="192" path="maps/pm/block.png"/>
	<object name="breakable_block" x="192" y="192" path="maps/pm/block.png"/>
	<object name="breakable_block" x="176" y="208" path="maps/pm/block.png"/>
	<object name="breakable_block" x="192" y="208" path="maps/pm/block.png"/>

	<object name="breakable_block" x="464" y="320" path="maps/pm/block.png"/>
	<object name="breakable_block" x="464" y="336" path="maps/pm/block.png"/>

	<object name="breakable_block" x="848" y="80" path="maps/pm/block.png"/>
	<object name="breakable_block" x="864" y="80" path="maps/pm/block.png"/>
	<object name="breakable_block" x="880" y="80" path="maps/pm/block.png"/>

	<object name="breakable_block" x="1216" y="336" path="maps/pm/block.png"/>
	<object name="breakable_block" x="1216" y="352" path="maps/pm/block.png"/>
	<object name="breakable_block" x="1216" y="368" path="maps/pm/block.png"/>
	
	<object name="rock_thrower" x="80" y="307" direction="right"/>
	<object name="rock_thrower" x="176" y="131" direction="left"/>
	<object name="rock_thrower" x="272" y="51" direction="left"/>
	<object name="rock_thrower" x="480" y="323" direction="right"/>
	<object name="rock_thrower" x="1600" y="131" direction="left"/>
	<object name="rock_thrower" x="1792" y="275" direction="left"/>
	<object name="rock_thrower" x="1728" y="35" direction="right"/>
	<object name="rock_thrower" x="1840" y="83" direction="left"/>

	<object name="jumper" x="512" y="97"/>
	<object name="jumper" x="592" y="113"/>
	<object name="jumper" x="640" y="81"/>
	<object name="jumper" x="704" y="65"/>
	<object name="jumper" x="624" y="305"/>
	<object name="jumper" x="960" y="129"/>
	<object name="jumper" x="1024" y="129"/>
	<object name="jumper" x="1184" y="33"/>
	<object name="jumper" x="1280" y="33"/>
	<object name="jumper" x="1376" y="33"/>
	<object name="jumper" x="1424" y="49"/>
	<object name="jumper" x="1456" y="33"/>

	<object name="bomb_thrower" x="1744" y="357" left_x="1728" right_x="1744"/>

	<object name="wind" top="224" left="64" bottom="272" right="176" xsp="-0.8" ysp="-0.8"/>
	<object name="wind" top="80" left="16" bottom="192" right="256" xsp="0.8" ysp="-0.8"/>
	<object name="wind" top="0" left="464" bottom="272" right="752" xsp="0" ysp="1"/>
	<object name="wind" top="144" left="1776" bottom="304" right="1872" xsp="0" ysp="-1"/>
	<object name="wind" top="0" left="1712" bottom="144" right="1856" xsp="0" ysp="-1"/>

	<object name="item_box" x="376" y="256" number="8" item_name="  super  &#10;  glove  "/>
</objects>
