<?xml version="1.0" encoding="UTF-8"?>
<objects>
	<object name="spawn_point" x="68" y="3977"/>
	<object name="sound" begin="sound/pm_begin.ogg" loop="sound/pm_loop.ogg"/>
	<object name="level_transition" path="maps/pm/pm3" top="3888" bottom="4016" left="0" right="2"/>
	<object name="map_transition" selection="3" top="16" bottom="240" left="0" right="2"/>
	<object name="map_transition" selection="3" top="16" bottom="240" left="254" right="256"/>

	<object name="wind" left="32" top="2640" right="176" bottom="2704" xsp="0" ysp="-1"/>
	<object name="wind" left="32" top="1872" right="224" bottom="2560" xsp="0" ysp="-1"/>
	<object name="wind" left="96" top="1120" right="160" bottom="1872" xsp="0" ysp="-1"/>
	<object name="wind" left="64" top="288" right="192" bottom="896" xsp="0" ysp="-1"/>

	<object name="speedy"/>
</objects>
